{"Supervised_ROC_AUC": 0.9545391362941357, "Autoencoder_ROC_AUC": 0.7545926641556693}